{
  "events": [],
  "history_length": 5,
  "energy_before": 100.97537777777778,
  "energy_after": 100.97537777777778,
  "energy_released_total": 0.0,
  "photon_energy_total": 0.0
}
