{
  "coulomb_constant": 0.7222222222222222,
  "hbar_etm": 13.6,
  "c_etm": 1.0,
  "alpha_etm": 0.05310457516339869
}
