{
  "photon_frequency_hz": 3288472277945925.5,
  "tick_duration_s": 1.520462870717324e-16,
  "step_length_m": 4.558233013100828e-08
}